family,kernel,size,threads,variant,median_runtime_sec,median_wall_time_sec,all_runtimes_sec,last_output
polybench_style,2mm,small,1,baseline,0.002774,0.005578041076660156,0.002774;0.002782;0.002758,"kernel=2mm,size=small,n=256,threads=1,runtime_sec=0.002758"
polybench_style,2mm,small,1,optimized,0.00097,0.003751516342163086,0.000978;0.000952;0.00097,"kernel=2mm,size=small,n=256,threads=1,runtime_sec=0.000970"
polybench_style,2mm,small,2,baseline,0.001414,0.004342794418334961,0.001416;0.001414;0.001409,"kernel=2mm,size=small,n=256,threads=2,runtime_sec=0.001409"
polybench_style,2mm,small,2,optimized,0.000503,0.0034813880920410156,0.000505;0.000503;0.000503,"kernel=2mm,size=small,n=256,threads=2,runtime_sec=0.000503"
polybench_style,2mm,small,4,baseline,0.000739,0.003934144973754883,0.000739;0.00074;0.000739,"kernel=2mm,size=small,n=256,threads=4,runtime_sec=0.000739"
polybench_style,2mm,small,4,optimized,0.000289,0.003423929214477539,0.000289;0.00028;0.000293,"kernel=2mm,size=small,n=256,threads=4,runtime_sec=0.000293"
polybench_style,2mm,small,8,baseline,0.000429,0.003930807113647461,0.000429;0.000425;0.00043,"kernel=2mm,size=small,n=256,threads=8,runtime_sec=0.000430"
polybench_style,2mm,small,8,optimized,0.000233,0.003700733184814453,0.000191;0.000233;0.000239,"kernel=2mm,size=small,n=256,threads=8,runtime_sec=0.000239"
polybench_style,2mm,small,16,baseline,0.000303,0.004467487335205078,0.000285;0.000303;0.000336,"kernel=2mm,size=small,n=256,threads=16,runtime_sec=0.000336"
polybench_style,2mm,small,16,optimized,0.000244,0.004431247711181641,0.000248;0.000244;0.000218,"kernel=2mm,size=small,n=256,threads=16,runtime_sec=0.000218"
polybench_style,2mm,standard,1,baseline,0.017012,0.021007061004638672,0.017609;0.017012;0.016941,"kernel=2mm,size=standard,n=512,threads=1,runtime_sec=0.016941"
polybench_style,2mm,standard,1,optimized,0.00588,0.008690357208251953,0.006531;0.004362;0.00588,"kernel=2mm,size=standard,n=512,threads=1,runtime_sec=0.005880"
polybench_style,2mm,standard,2,baseline,0.011551,0.014953851699829102,0.011551;0.010498;0.01157,"kernel=2mm,size=standard,n=512,threads=2,runtime_sec=0.011570"
polybench_style,2mm,standard,2,optimized,0.004354,0.007872581481933594,0.004354;0.003977;0.004386,"kernel=2mm,size=standard,n=512,threads=2,runtime_sec=0.004386"
polybench_style,2mm,standard,4,baseline,0.00614,0.00961923599243164,0.00618;0.006136;0.00614,"kernel=2mm,size=standard,n=512,threads=4,runtime_sec=0.006140"
polybench_style,2mm,standard,4,optimized,0.00255,0.0060024261474609375,0.00255;0.00251;0.002559,"kernel=2mm,size=standard,n=512,threads=4,runtime_sec=0.002559"
polybench_style,2mm,standard,8,baseline,0.003581,0.0073316097259521484,0.003581;0.003505;0.003594,"kernel=2mm,size=standard,n=512,threads=8,runtime_sec=0.003594"
polybench_style,2mm,standard,8,optimized,0.00186,0.0056726932525634766,0.00186;0.001796;0.001891,"kernel=2mm,size=standard,n=512,threads=8,runtime_sec=0.001891"
polybench_style,2mm,standard,16,baseline,0.002821,0.00732731819152832,0.002855;0.002734;0.002821,"kernel=2mm,size=standard,n=512,threads=16,runtime_sec=0.002821"
polybench_style,2mm,standard,16,optimized,0.002319,0.0068073272705078125,0.00216;0.002319;0.002326,"kernel=2mm,size=standard,n=512,threads=16,runtime_sec=0.002326"
polybench_style,2mm,large,1,baseline,0.034269,0.039823055267333984,0.034269;0.034282;0.02043,"kernel=2mm,size=large,n=768,threads=1,runtime_sec=0.020430"
polybench_style,2mm,large,1,optimized,0.01923,0.023730039596557617,0.021124;0.017973;0.01923,"kernel=2mm,size=large,n=768,threads=1,runtime_sec=0.019230"
polybench_style,2mm,large,2,baseline,0.026852,0.030994653701782227,0.028015;0.026852;0.026186,"kernel=2mm,size=large,n=768,threads=2,runtime_sec=0.026186"
polybench_style,2mm,large,2,optimized,0.013893,0.01826167106628418,0.013976;0.01276;0.013893,"kernel=2mm,size=large,n=768,threads=2,runtime_sec=0.013893"
polybench_style,2mm,large,4,baseline,0.016286,0.019864559173583984,0.01624;0.016286;0.016489,"kernel=2mm,size=large,n=768,threads=4,runtime_sec=0.016489"
polybench_style,2mm,large,4,optimized,0.007988,0.011695623397827148,0.007988;0.006974;0.008265,"kernel=2mm,size=large,n=768,threads=4,runtime_sec=0.008265"
polybench_style,2mm,large,8,baseline,0.010718,0.014873266220092773,0.010808;0.010618;0.010718,"kernel=2mm,size=large,n=768,threads=8,runtime_sec=0.010718"
polybench_style,2mm,large,8,optimized,0.005204,0.00918722152709961,0.005239;0.005172;0.005204,"kernel=2mm,size=large,n=768,threads=8,runtime_sec=0.005204"
polybench_style,2mm,large,16,baseline,0.006508,0.011371612548828125,0.00665;0.006423;0.006508,"kernel=2mm,size=large,n=768,threads=16,runtime_sec=0.006508"
polybench_style,2mm,large,16,optimized,0.004239,0.008772134780883789,0.004339;0.003778;0.004239,"kernel=2mm,size=large,n=768,threads=16,runtime_sec=0.004239"
polybench_style,3mm,small,1,baseline,0.001751,0.004160404205322266,0.002317;0.001751;0.001412,"kernel=3mm,size=small,n=256,threads=1,runtime_sec=0.001412"
polybench_style,3mm,small,1,optimized,0.000955,0.003843069076538086,0.000963;0.000645;0.000955,"kernel=3mm,size=small,n=256,threads=1,runtime_sec=0.000955"
polybench_style,3mm,small,2,baseline,0.001372,0.0040242671966552734,0.001148;0.00141;0.001372,"kernel=3mm,size=small,n=256,threads=2,runtime_sec=0.001372"
polybench_style,3mm,small,2,optimized,0.000504,0.003517627716064453,0.000505;0.000502;0.000504,"kernel=3mm,size=small,n=256,threads=2,runtime_sec=0.000504"
polybench_style,3mm,small,4,baseline,0.000738,0.003856182098388672,0.00073;0.00074;0.000738,"kernel=3mm,size=small,n=256,threads=4,runtime_sec=0.000738"
polybench_style,3mm,small,4,optimized,0.000294,0.00341033935546875,0.000294;0.00027;0.000299,"kernel=3mm,size=small,n=256,threads=4,runtime_sec=0.000299"
polybench_style,3mm,small,8,baseline,0.000441,0.0038154125213623047,0.00042;0.000459;0.000441,"kernel=3mm,size=small,n=256,threads=8,runtime_sec=0.000441"
polybench_style,3mm,small,8,optimized,0.000243,0.0036897659301757812,0.000285;0.000203;0.000243,"kernel=3mm,size=small,n=256,threads=8,runtime_sec=0.000243"
polybench_style,3mm,small,16,baseline,0.000321,0.004415273666381836,0.000322;0.000261;0.000321,"kernel=3mm,size=small,n=256,threads=16,runtime_sec=0.000321"
polybench_style,3mm,small,16,optimized,0.000208,0.0043964385986328125,0.000214;0.000175;0.000208,"kernel=3mm,size=small,n=256,threads=16,runtime_sec=0.000208"
polybench_style,3mm,standard,1,baseline,0.018081,0.022075414657592773,0.017684;0.018081;0.018999,"kernel=3mm,size=standard,n=512,threads=1,runtime_sec=0.018999"
polybench_style,3mm,standard,1,optimized,0.007816,0.011243104934692383,0.007816;0.006529;0.00782,"kernel=3mm,size=standard,n=512,threads=1,runtime_sec=0.007820"
polybench_style,3mm,standard,2,baseline,0.011234,0.01443624496459961,0.011128;0.011591;0.011234,"kernel=3mm,size=standard,n=512,threads=2,runtime_sec=0.011234"
polybench_style,3mm,standard,2,optimized,0.004333,0.007824182510375977,0.004306;0.00438;0.004333,"kernel=3mm,size=standard,n=512,threads=2,runtime_sec=0.004333"
polybench_style,3mm,standard,4,baseline,0.006129,0.009554386138916016,0.006129;0.006096;0.006155,"kernel=3mm,size=standard,n=512,threads=4,runtime_sec=0.006155"
polybench_style,3mm,standard,4,optimized,0.002532,0.006011486053466797,0.00252;0.002556;0.002532,"kernel=3mm,size=standard,n=512,threads=4,runtime_sec=0.002532"
polybench_style,3mm,standard,8,baseline,0.003583,0.00729680061340332,0.003538;0.003603;0.003583,"kernel=3mm,size=standard,n=512,threads=8,runtime_sec=0.003583"
polybench_style,3mm,standard,8,optimized,0.001879,0.005643367767333984,0.001879;0.00188;0.001836,"kernel=3mm,size=standard,n=512,threads=8,runtime_sec=0.001836"
polybench_style,3mm,standard,16,baseline,0.002792,0.007260560989379883,0.002804;0.002792;0.002777,"kernel=3mm,size=standard,n=512,threads=16,runtime_sec=0.002777"
polybench_style,3mm,standard,16,optimized,0.002299,0.00673222541809082,0.002243;0.002346;0.002299,"kernel=3mm,size=standard,n=512,threads=16,runtime_sec=0.002299"
polybench_style,3mm,large,1,baseline,0.036113,0.041742563247680664,0.038327;0.036113;0.020399,"kernel=3mm,size=large,n=768,threads=1,runtime_sec=0.020399"
polybench_style,3mm,large,1,optimized,0.019883,0.024016141891479492,0.020344;0.017783;0.019883,"kernel=3mm,size=large,n=768,threads=1,runtime_sec=0.019883"
polybench_style,3mm,large,2,baseline,0.027007,0.031046628952026367,0.028101;0.026606;0.027007,"kernel=3mm,size=large,n=768,threads=2,runtime_sec=0.027007"
polybench_style,3mm,large,2,optimized,0.015057,0.018699169158935547,0.014549;0.015088;0.015057,"kernel=3mm,size=large,n=768,threads=2,runtime_sec=0.015057"
polybench_style,3mm,large,4,baseline,0.01601,0.018653392791748047,0.015667;0.017117;0.01601,"kernel=3mm,size=large,n=768,threads=4,runtime_sec=0.016010"
polybench_style,3mm,large,4,optimized,0.008241,0.010970592498779297,0.00815;0.008241;0.008266,"kernel=3mm,size=large,n=768,threads=4,runtime_sec=0.008266"
polybench_style,3mm,large,8,baseline,0.010652,0.013457536697387695,0.010744;0.010652;0.010301,"kernel=3mm,size=large,n=768,threads=8,runtime_sec=0.010301"
polybench_style,3mm,large,8,optimized,0.005148,0.009294986724853516,0.005148;0.005115;0.005159,"kernel=3mm,size=large,n=768,threads=8,runtime_sec=0.005159"
polybench_style,3mm,large,16,baseline,0.006492,0.010789155960083008,0.006494;0.006492;0.006129,"kernel=3mm,size=large,n=768,threads=16,runtime_sec=0.006129"
polybench_style,3mm,large,16,optimized,0.004349,0.008559226989746094,0.004756;0.004349;0.004053,"kernel=3mm,size=large,n=768,threads=16,runtime_sec=0.004053"
polybench_style,gemm,small,1,baseline,0.005438,0.008462190628051758,0.002969;0.005438;0.005445,"kernel=gemm,size=small,n=256,threads=1,runtime_sec=0.005445"
polybench_style,gemm,small,1,optimized,0.001907,0.0048906803131103516,0.001929;0.001593;0.001907,"kernel=gemm,size=small,n=256,threads=1,runtime_sec=0.001907"
polybench_style,gemm,small,2,baseline,0.002844,0.0058934688568115234,0.002844;0.002867;0.002843,"kernel=gemm,size=small,n=256,threads=2,runtime_sec=0.002843"
polybench_style,gemm,small,2,optimized,0.001104,0.004141330718994141,0.001079;0.00111;0.001104,"kernel=gemm,size=small,n=256,threads=2,runtime_sec=0.001104"
polybench_style,gemm,small,4,baseline,0.001526,0.004590749740600586,0.001583;0.001526;0.001524,"kernel=gemm,size=small,n=256,threads=4,runtime_sec=0.001524"
polybench_style,gemm,small,4,optimized,0.000655,0.0037245750427246094,0.000651;0.000667;0.000655,"kernel=gemm,size=small,n=256,threads=4,runtime_sec=0.000655"
polybench_style,gemm,small,8,baseline,0.000949,0.004328012466430664,0.000939;0.000958;0.000949,"kernel=gemm,size=small,n=256,threads=8,runtime_sec=0.000949"
polybench_style,gemm,small,8,optimized,0.000517,0.0039942264556884766,0.000517;0.000528;0.000511,"kernel=gemm,size=small,n=256,threads=8,runtime_sec=0.000511"
polybench_style,gemm,small,16,baseline,0.000842,0.00492095947265625,0.000842;0.000856;0.000818,"kernel=gemm,size=small,n=256,threads=16,runtime_sec=0.000818"
polybench_style,gemm,small,16,optimized,0.000689,0.0047876834869384766,0.000697;0.00067;0.000689,"kernel=gemm,size=small,n=256,threads=16,runtime_sec=0.000689"
polybench_style,gemm,standard,1,baseline,0.026413,0.031134843826293945,0.027819;0.026413;0.026246,"kernel=gemm,size=standard,n=512,threads=1,runtime_sec=0.026246"
polybench_style,gemm,standard,1,optimized,0.00789,0.01086878776550293,0.004692;0.013453;0.00789,"kernel=gemm,size=standard,n=512,threads=1,runtime_sec=0.007890"
polybench_style,gemm,standard,2,baseline,0.017925,0.020579814910888672,0.017925;0.018021;0.017545,"kernel=gemm,size=standard,n=512,threads=2,runtime_sec=0.017545"
polybench_style,gemm,standard,2,optimized,0.005505,0.008216619491577148,0.004213;0.007652;0.005505,"kernel=gemm,size=standard,n=512,threads=2,runtime_sec=0.005505"
polybench_style,gemm,standard,4,baseline,0.010719,0.013396739959716797,0.010719;0.010751;0.010458,"kernel=gemm,size=standard,n=512,threads=4,runtime_sec=0.010458"
polybench_style,gemm,standard,4,optimized,0.004127,0.006521463394165039,0.00345;0.004127;0.004152,"kernel=gemm,size=standard,n=512,threads=4,runtime_sec=0.004152"
polybench_style,gemm,standard,8,baseline,0.005915,0.009831666946411133,0.005915;0.005922;0.005909,"kernel=gemm,size=standard,n=512,threads=8,runtime_sec=0.005909"
polybench_style,gemm,standard,8,optimized,0.002675,0.006665706634521484,0.002592;0.002675;0.00273,"kernel=gemm,size=standard,n=512,threads=8,runtime_sec=0.002730"
polybench_style,gemm,standard,16,baseline,0.003576,0.008154869079589844,0.003576;0.003562;0.003605,"kernel=gemm,size=standard,n=512,threads=16,runtime_sec=0.003605"
polybench_style,gemm,standard,16,optimized,0.002016,0.0063266754150390625,0.002502;0.002016;0.001704,"kernel=gemm,size=standard,n=512,threads=16,runtime_sec=0.001704"
polybench_style,gemm,large,1,baseline,0.053509,0.06093621253967285,0.053509;0.053938;0.052518,"kernel=gemm,size=large,n=768,threads=1,runtime_sec=0.052518"
polybench_style,gemm,large,1,optimized,0.029677,0.03571629524230957,0.03055;0.029677;0.028474,"kernel=gemm,size=large,n=768,threads=1,runtime_sec=0.028474"
polybench_style,gemm,large,2,baseline,0.036636,0.04183340072631836,0.037956;0.036636;0.036024,"kernel=gemm,size=large,n=768,threads=2,runtime_sec=0.036024"
polybench_style,gemm,large,2,optimized,0.015999,0.019979476928710938,0.020068;0.015119;0.015999,"kernel=gemm,size=large,n=768,threads=2,runtime_sec=0.015999"
polybench_style,gemm,large,4,baseline,0.025426,0.028646230697631836,0.025426;0.02327;0.026369,"kernel=gemm,size=large,n=768,threads=4,runtime_sec=0.026369"
polybench_style,gemm,large,4,optimized,0.01311,0.017065763473510742,0.013401;0.010717;0.01311,"kernel=gemm,size=large,n=768,threads=4,runtime_sec=0.013110"
polybench_style,gemm,large,8,baseline,0.016693,0.021124601364135742,0.017768;0.016693;0.016241,"kernel=gemm,size=large,n=768,threads=8,runtime_sec=0.016241"
polybench_style,gemm,large,8,optimized,0.007743,0.012291431427001953,0.007712;0.007764;0.007743,"kernel=gemm,size=large,n=768,threads=8,runtime_sec=0.007743"
polybench_style,gemm,large,16,baseline,0.009799,0.013925552368164062,0.010291;0.009799;0.009773,"kernel=gemm,size=large,n=768,threads=16,runtime_sec=0.009773"
polybench_style,gemm,large,16,optimized,0.004648,0.009203910827636719,0.004619;0.004648;0.004885,"kernel=gemm,size=large,n=768,threads=16,runtime_sec=0.004885"
polybench_style,syrk,small,1,baseline,0.0038,0.006046295166015625,0.0038;0.002008;0.003804,"kernel=syrk,size=small,n=256,threads=1,runtime_sec=0.003804"
polybench_style,syrk,small,1,optimized,0.003202,0.0058002471923828125,0.002289;0.003223;0.003202,"kernel=syrk,size=small,n=256,threads=1,runtime_sec=0.003202"
polybench_style,syrk,small,2,baseline,0.002889,0.005754232406616211,0.002913;0.002869;0.002889,"kernel=syrk,size=small,n=256,threads=2,runtime_sec=0.002889"
polybench_style,syrk,small,2,optimized,0.002458,0.00526738166809082,0.002433;0.002459;0.002458,"kernel=syrk,size=small,n=256,threads=2,runtime_sec=0.002458"
polybench_style,syrk,small,4,baseline,0.001752,0.004658937454223633,0.001754;0.001752;0.001741,"kernel=syrk,size=small,n=256,threads=4,runtime_sec=0.001741"
polybench_style,syrk,small,4,optimized,0.001503,0.004441976547241211,0.001503;0.001504;0.001499,"kernel=syrk,size=small,n=256,threads=4,runtime_sec=0.001499"
polybench_style,syrk,small,8,baseline,0.001084,0.004389762878417969,0.001091;0.001072;0.001084,"kernel=syrk,size=small,n=256,threads=8,runtime_sec=0.001084"
polybench_style,syrk,small,8,optimized,0.00095,0.004241228103637695,0.00092;0.000963;0.00095,"kernel=syrk,size=small,n=256,threads=8,runtime_sec=0.000950"
polybench_style,syrk,small,16,baseline,0.000841,0.0048067569732666016,0.000841;0.000828;0.000867,"kernel=syrk,size=small,n=256,threads=16,runtime_sec=0.000867"
polybench_style,syrk,small,16,optimized,0.000828,0.0047454833984375,0.000806;0.000828;0.000846,"kernel=syrk,size=small,n=256,threads=16,runtime_sec=0.000846"
polybench_style,syrk,standard,1,baseline,0.023853,0.027252912521362305,0.023734;0.025346;0.023853,"kernel=syrk,size=standard,n=512,threads=1,runtime_sec=0.023853"
polybench_style,syrk,standard,1,optimized,0.021132,0.024048805236816406,0.021132;0.020349;0.022834,"kernel=syrk,size=standard,n=512,threads=1,runtime_sec=0.022834"
polybench_style,syrk,standard,2,baseline,0.02005,0.022858381271362305,0.021495;0.02005;0.019453,"kernel=syrk,size=standard,n=512,threads=2,runtime_sec=0.019453"
polybench_style,syrk,standard,2,optimized,0.019091,0.02199077606201172,0.019964;0.019091;0.019014,"kernel=syrk,size=standard,n=512,threads=2,runtime_sec=0.019014"
polybench_style,syrk,standard,4,baseline,0.013226,0.01609945297241211,0.013226;0.008299;0.014322,"kernel=syrk,size=standard,n=512,threads=4,runtime_sec=0.014322"
polybench_style,syrk,standard,4,optimized,0.013267,0.015974998474121094,0.012177;0.013267;0.013374,"kernel=syrk,size=standard,n=512,threads=4,runtime_sec=0.013374"
polybench_style,syrk,standard,8,baseline,0.008089,0.011356353759765625,0.008095;0.006773;0.008089,"kernel=syrk,size=standard,n=512,threads=8,runtime_sec=0.008089"
polybench_style,syrk,standard,8,optimized,0.006592,0.010109186172485352,0.006567;0.006592;0.007351,"kernel=syrk,size=standard,n=512,threads=8,runtime_sec=0.007351"
polybench_style,syrk,standard,16,baseline,0.004629,0.008536577224731445,0.004645;0.004629;0.004448,"kernel=syrk,size=standard,n=512,threads=16,runtime_sec=0.004448"
polybench_style,syrk,standard,16,optimized,0.004421,0.008469581604003906,0.004421;0.004713;0.004026,"kernel=syrk,size=standard,n=512,threads=16,runtime_sec=0.004026"
polybench_style,syrk,large,1,baseline,0.047405,0.052263498306274414,0.049222;0.047405;0.046608,"kernel=syrk,size=large,n=768,threads=1,runtime_sec=0.046608"
polybench_style,syrk,large,1,optimized,0.045094,0.04982495307922363,0.044424;0.045433;0.045094,"kernel=syrk,size=large,n=768,threads=1,runtime_sec=0.045094"
polybench_style,syrk,large,2,baseline,0.040879,0.04453229904174805,0.040879;0.023206;0.041337,"kernel=syrk,size=large,n=768,threads=2,runtime_sec=0.041337"
polybench_style,syrk,large,2,optimized,0.022465,0.02594733238220215,0.022465;0.022072;0.034719,"kernel=syrk,size=large,n=768,threads=2,runtime_sec=0.034719"
polybench_style,syrk,large,4,baseline,0.030962,0.03426337242126465,0.030962;0.032579;0.025534,"kernel=syrk,size=large,n=768,threads=4,runtime_sec=0.025534"
polybench_style,syrk,large,4,optimized,0.030129,0.03345632553100586,0.031501;0.030129;0.026659,"kernel=syrk,size=large,n=768,threads=4,runtime_sec=0.026659"
polybench_style,syrk,large,8,baseline,0.013202,0.0168459415435791,0.023081;0.013202;0.010065,"kernel=syrk,size=large,n=768,threads=8,runtime_sec=0.010065"
polybench_style,syrk,large,8,optimized,0.017015,0.019625425338745117,0.017015;0.016557;0.017193,"kernel=syrk,size=large,n=768,threads=8,runtime_sec=0.017193"
polybench_style,syrk,large,16,baseline,0.012899,0.01555633544921875,0.014463;0.008968;0.012899,"kernel=syrk,size=large,n=768,threads=16,runtime_sec=0.012899"
polybench_style,syrk,large,16,optimized,0.010519,0.01322793960571289,0.012037;0.006751;0.010519,"kernel=syrk,size=large,n=768,threads=16,runtime_sec=0.010519"
polybench_style,syr2k,small,1,baseline,0.002092,0.003557920455932617,0.001587;0.003459;0.002092,"kernel=syr2k,size=small,n=256,threads=1,runtime_sec=0.002092"
polybench_style,syr2k,small,1,optimized,0.002895,0.005125284194946289,0.002895;0.002448;0.003136,"kernel=syr2k,size=small,n=256,threads=1,runtime_sec=0.003136"
polybench_style,syr2k,small,2,baseline,0.00287,0.0054700374603271484,0.002872;0.002234;0.00287,"kernel=syr2k,size=small,n=256,threads=2,runtime_sec=0.002870"
polybench_style,syr2k,small,2,optimized,0.002432,0.00519251823425293,0.002447;0.002419;0.002432,"kernel=syr2k,size=small,n=256,threads=2,runtime_sec=0.002432"
polybench_style,syr2k,small,4,baseline,0.001733,0.004576444625854492,0.00175;0.001733;0.001732,"kernel=syr2k,size=small,n=256,threads=4,runtime_sec=0.001732"
polybench_style,syr2k,small,4,optimized,0.001494,0.004327535629272461,0.001502;0.001479;0.001494,"kernel=syr2k,size=small,n=256,threads=4,runtime_sec=0.001494"
polybench_style,syr2k,small,8,baseline,0.001092,0.00424957275390625,0.001074;0.001092;0.001096,"kernel=syr2k,size=small,n=256,threads=8,runtime_sec=0.001096"
polybench_style,syr2k,small,8,optimized,0.00092,0.004155158996582031,0.00092;0.000941;0.000917,"kernel=syr2k,size=small,n=256,threads=8,runtime_sec=0.000917"
polybench_style,syr2k,small,16,baseline,0.000807,0.0047261714935302734,0.000792;0.000807;0.000869,"kernel=syr2k,size=small,n=256,threads=16,runtime_sec=0.000869"
polybench_style,syr2k,small,16,optimized,0.00079,0.004693508148193359,0.000786;0.00079;0.000825,"kernel=syr2k,size=small,n=256,threads=16,runtime_sec=0.000825"
polybench_style,syr2k,standard,1,baseline,0.023969,0.027448415756225586,0.023969;0.024558;0.022495,"kernel=syr2k,size=standard,n=512,threads=1,runtime_sec=0.022495"
polybench_style,syr2k,standard,1,optimized,0.022802,0.025449752807617188,0.022802;0.021012;0.023117,"kernel=syr2k,size=standard,n=512,threads=1,runtime_sec=0.023117"
polybench_style,syr2k,standard,2,baseline,0.019691,0.022917509078979492,0.021732;0.019691;0.019294,"kernel=syr2k,size=standard,n=512,threads=2,runtime_sec=0.019294"
polybench_style,syr2k,standard,2,optimized,0.018568,0.021587848663330078,0.018528;0.018568;0.019544,"kernel=syr2k,size=standard,n=512,threads=2,runtime_sec=0.019544"
polybench_style,syr2k,standard,4,baseline,0.013569,0.01647639274597168,0.013569;0.014281;0.013489,"kernel=syr2k,size=standard,n=512,threads=4,runtime_sec=0.013489"
polybench_style,syr2k,standard,4,optimized,0.013339,0.015430450439453125,0.013341;0.013339;0.012638,"kernel=syr2k,size=standard,n=512,threads=4,runtime_sec=0.012638"
polybench_style,syr2k,standard,8,baseline,0.007565,0.010719776153564453,0.008072;0.007565;0.006906,"kernel=syr2k,size=standard,n=512,threads=8,runtime_sec=0.006906"
polybench_style,syr2k,standard,8,optimized,0.006886,0.010516881942749023,0.006886;0.006461;0.006965,"kernel=syr2k,size=standard,n=512,threads=8,runtime_sec=0.006965"
polybench_style,syr2k,standard,16,baseline,0.004787,0.009055376052856445,0.004812;0.004787;0.004783,"kernel=syr2k,size=standard,n=512,threads=16,runtime_sec=0.004783"
polybench_style,syr2k,standard,16,optimized,0.003992,0.008349418640136719,0.003992;0.004275;0.00396,"kernel=syr2k,size=standard,n=512,threads=16,runtime_sec=0.003960"
polybench_style,syr2k,large,1,baseline,0.046062,0.05080008506774902,0.047106;0.046062;0.045864,"kernel=syr2k,size=large,n=768,threads=1,runtime_sec=0.045864"
polybench_style,syr2k,large,1,optimized,0.045414,0.0498812198638916,0.043897;0.045414;0.046142,"kernel=syr2k,size=large,n=768,threads=1,runtime_sec=0.046142"
polybench_style,syr2k,large,2,baseline,0.040142,0.043158531188964844,0.040292;0.023546;0.040142,"kernel=syr2k,size=large,n=768,threads=2,runtime_sec=0.040142"
polybench_style,syr2k,large,2,optimized,0.041064,0.044690847396850586,0.042256;0.040012;0.041064,"kernel=syr2k,size=large,n=768,threads=2,runtime_sec=0.041064"
polybench_style,syr2k,large,4,baseline,0.03187,0.03523993492126465,0.03308;0.031668;0.03187,"kernel=syr2k,size=large,n=768,threads=4,runtime_sec=0.031870"
polybench_style,syr2k,large,4,optimized,0.025383,0.02784895896911621,0.029363;0.024142;0.025383,"kernel=syr2k,size=large,n=768,threads=4,runtime_sec=0.025383"
polybench_style,syr2k,large,8,baseline,0.018362,0.021363019943237305,0.02113;0.015232;0.018362,"kernel=syr2k,size=large,n=768,threads=8,runtime_sec=0.018362"
polybench_style,syr2k,large,8,optimized,0.016775,0.019415616989135742,0.014237;0.016775;0.017929,"kernel=syr2k,size=large,n=768,threads=8,runtime_sec=0.017929"
polybench_style,syr2k,large,16,baseline,0.012075,0.015356779098510742,0.013875;0.012075;0.011536,"kernel=syr2k,size=large,n=768,threads=16,runtime_sec=0.011536"
polybench_style,syr2k,large,16,optimized,0.009948,0.01432943344116211,0.006261;0.009948;0.014177,"kernel=syr2k,size=large,n=768,threads=16,runtime_sec=0.014177"
polybench_style,atax,small,1,baseline,3.9e-05,0.0012900829315185547,3.8e-05;7e-05;3.9e-05,"kernel=atax,size=small,n=256,threads=1,runtime_sec=0.000039"
polybench_style,atax,small,1,optimized,6.8e-05,0.0015861988067626953,4.1e-05;6.8e-05;9.5e-05,"kernel=atax,size=small,n=256,threads=1,runtime_sec=0.000095"
polybench_style,atax,small,2,baseline,3.6e-05,0.0015022754669189453,3.1e-05;3.6e-05;5.2e-05,"kernel=atax,size=small,n=256,threads=2,runtime_sec=0.000052"
polybench_style,atax,small,2,optimized,5.6e-05,0.0017557144165039062,5.6e-05;3.6e-05;6.8e-05,"kernel=atax,size=small,n=256,threads=2,runtime_sec=0.000068"
polybench_style,atax,small,4,baseline,4.4e-05,0.001988649368286133,4.3e-05;4.6e-05;4.4e-05,"kernel=atax,size=small,n=256,threads=4,runtime_sec=0.000044"
polybench_style,atax,small,4,optimized,5e-05,0.002317190170288086,5.4e-05;5e-05;4.2e-05,"kernel=atax,size=small,n=256,threads=4,runtime_sec=0.000042"
polybench_style,atax,small,8,baseline,8e-05,0.0032806396484375,8.4e-05;8e-05;7.1e-05,"kernel=atax,size=small,n=256,threads=8,runtime_sec=0.000071"
polybench_style,atax,small,8,optimized,7.5e-05,0.0032219886779785156,5.6e-05;7.5e-05;8.9e-05,"kernel=atax,size=small,n=256,threads=8,runtime_sec=0.000089"
polybench_style,atax,small,16,baseline,0.000112,0.004039764404296875,0.000112;0.000122;0.000107,"kernel=atax,size=small,n=256,threads=16,runtime_sec=0.000107"
polybench_style,atax,small,16,optimized,0.000113,0.004004478454589844,0.000121;0.000113;0.000111,"kernel=atax,size=small,n=256,threads=16,runtime_sec=0.000111"
polybench_style,atax,standard,1,baseline,0.000508,0.004105567932128906,0.000508;0.000517;0.000507,"kernel=atax,size=standard,n=512,threads=1,runtime_sec=0.000507"
polybench_style,atax,standard,1,optimized,0.000481,0.003962278366088867,0.00048;0.000481;0.00049,"kernel=atax,size=standard,n=512,threads=1,runtime_sec=0.000490"
polybench_style,atax,standard,2,baseline,0.000295,0.003650665283203125,0.000295;0.000298;0.000292,"kernel=atax,size=standard,n=512,threads=2,runtime_sec=0.000292"
polybench_style,atax,standard,2,optimized,0.000276,0.003622293472290039,0.000274;0.000276;0.000279,"kernel=atax,size=standard,n=512,threads=2,runtime_sec=0.000279"
polybench_style,atax,standard,4,baseline,0.000212,0.003343820571899414,0.000167;0.000215;0.000212,"kernel=atax,size=standard,n=512,threads=4,runtime_sec=0.000212"
polybench_style,atax,standard,4,optimized,0.000163,0.0033419132232666016,0.000169;0.000162;0.000163,"kernel=atax,size=standard,n=512,threads=4,runtime_sec=0.000163"
polybench_style,atax,standard,8,baseline,0.000157,0.0036687850952148438,0.000155;0.000164;0.000157,"kernel=atax,size=standard,n=512,threads=8,runtime_sec=0.000157"
polybench_style,atax,standard,8,optimized,0.000137,0.003612041473388672,0.000133;0.000137;0.00016,"kernel=atax,size=standard,n=512,threads=8,runtime_sec=0.000160"
polybench_style,atax,standard,16,baseline,0.000142,0.004359006881713867,0.000142;0.000127;0.000167,"kernel=atax,size=standard,n=512,threads=16,runtime_sec=0.000167"
polybench_style,atax,standard,16,optimized,0.000165,0.0044062137603759766,0.000165;0.000172;0.000161,"kernel=atax,size=standard,n=512,threads=16,runtime_sec=0.000161"
polybench_style,atax,large,1,baseline,0.001172,0.006333112716674805,0.001173;0.001171;0.001172,"kernel=atax,size=large,n=768,threads=1,runtime_sec=0.001172"
polybench_style,atax,large,1,optimized,0.001127,0.0059053897857666016,0.001126;0.00113;0.001127,"kernel=atax,size=large,n=768,threads=1,runtime_sec=0.001127"
polybench_style,atax,large,2,baseline,0.000643,0.004773139953613281,0.000661;0.000643;0.000643,"kernel=atax,size=large,n=768,threads=2,runtime_sec=0.000643"
polybench_style,atax,large,2,optimized,0.000621,0.004624128341674805,0.000621;0.000618;0.000624,"kernel=atax,size=large,n=768,threads=2,runtime_sec=0.000624"
polybench_style,atax,large,4,baseline,0.000378,0.004029273986816406,0.000368;0.000385;0.000378,"kernel=atax,size=large,n=768,threads=4,runtime_sec=0.000378"
polybench_style,atax,large,4,optimized,0.000359,0.004056215286254883,0.000359;0.000362;0.000346,"kernel=atax,size=large,n=768,threads=4,runtime_sec=0.000346"
polybench_style,atax,large,8,baseline,0.000435,0.004252433776855469,0.000435;0.00046;0.000403,"kernel=atax,size=large,n=768,threads=8,runtime_sec=0.000403"
polybench_style,atax,large,8,optimized,0.00037,0.0042188167572021484,0.000372;0.00034;0.00037,"kernel=atax,size=large,n=768,threads=8,runtime_sec=0.000370"
polybench_style,atax,large,16,baseline,0.00044,0.004918575286865234,0.000445;0.00044;0.000411,"kernel=atax,size=large,n=768,threads=16,runtime_sec=0.000411"
polybench_style,atax,large,16,optimized,0.000391,0.004898548126220703,0.000391;0.000385;0.000403,"kernel=atax,size=large,n=768,threads=16,runtime_sec=0.000403"
polybench_style,bicg,small,1,baseline,0.000126,0.0029020309448242188,0.000126;0.000126;0.00013,"kernel=bicg,size=small,n=256,threads=1,runtime_sec=0.000130"
polybench_style,bicg,small,1,optimized,0.000114,0.0028078556060791016,0.000114;0.000113;0.000114,"kernel=bicg,size=small,n=256,threads=1,runtime_sec=0.000114"
polybench_style,bicg,small,2,baseline,7.4e-05,0.002811908721923828,7.4e-05;7.6e-05;7.2e-05,"kernel=bicg,size=small,n=256,threads=2,runtime_sec=0.000072"
polybench_style,bicg,small,2,optimized,7.2e-05,0.002846240997314453,7.2e-05;0.000127;7.2e-05,"kernel=bicg,size=small,n=256,threads=2,runtime_sec=0.000072"
polybench_style,bicg,small,4,baseline,5.3e-05,0.002948760986328125,5.3e-05;5.6e-05;5.2e-05,"kernel=bicg,size=small,n=256,threads=4,runtime_sec=0.000052"
polybench_style,bicg,small,4,optimized,5e-05,0.002964496612548828,5.1e-05;4.6e-05;5e-05,"kernel=bicg,size=small,n=256,threads=4,runtime_sec=0.000050"
polybench_style,bicg,small,8,baseline,9.6e-05,0.0032286643981933594,0.000116;8.5e-05;9.6e-05,"kernel=bicg,size=small,n=256,threads=8,runtime_sec=0.000096"
polybench_style,bicg,small,8,optimized,7.6e-05,0.0033388137817382812,8e-05;7.3e-05;7.6e-05,"kernel=bicg,size=small,n=256,threads=8,runtime_sec=0.000076"
polybench_style,bicg,small,16,baseline,0.000122,0.0041005611419677734,0.000122;0.000116;0.000125,"kernel=bicg,size=small,n=256,threads=16,runtime_sec=0.000125"
polybench_style,bicg,small,16,optimized,0.000118,0.0040378570556640625,0.000115;0.000118;0.000122,"kernel=bicg,size=small,n=256,threads=16,runtime_sec=0.000122"
polybench_style,bicg,standard,1,baseline,0.000508,0.004163503646850586,0.000509;0.000508;0.000508,"kernel=bicg,size=standard,n=512,threads=1,runtime_sec=0.000508"
polybench_style,bicg,standard,1,optimized,0.00048,0.003975629806518555,0.000479;0.00048;0.000481,"kernel=bicg,size=standard,n=512,threads=1,runtime_sec=0.000481"
polybench_style,bicg,standard,2,baseline,0.000291,0.003579378128051758,0.000294;0.000289;0.000291,"kernel=bicg,size=standard,n=512,threads=2,runtime_sec=0.000291"
polybench_style,bicg,standard,2,optimized,0.000275,0.003492593765258789,0.000275;0.000274;0.000282,"kernel=bicg,size=standard,n=512,threads=2,runtime_sec=0.000282"
polybench_style,bicg,standard,4,baseline,0.00021,0.0034394264221191406,0.000216;0.000175;0.00021,"kernel=bicg,size=standard,n=512,threads=4,runtime_sec=0.000210"
polybench_style,bicg,standard,4,optimized,0.000166,0.0033419132232666016,0.000166;0.000164;0.000186,"kernel=bicg,size=standard,n=512,threads=4,runtime_sec=0.000186"
polybench_style,bicg,standard,8,baseline,0.000137,0.003574848175048828,0.000151;0.000137;0.00013,"kernel=bicg,size=standard,n=512,threads=8,runtime_sec=0.000130"
polybench_style,bicg,standard,8,optimized,0.000154,0.003660440444946289,0.000154;0.000144;0.00016,"kernel=bicg,size=standard,n=512,threads=8,runtime_sec=0.000160"
polybench_style,bicg,standard,16,baseline,0.000172,0.004344463348388672,0.000166;0.00019;0.000172,"kernel=bicg,size=standard,n=512,threads=16,runtime_sec=0.000172"
polybench_style,bicg,standard,16,optimized,0.000166,0.004243135452270508,0.000166;0.000153;0.000174,"kernel=bicg,size=standard,n=512,threads=16,runtime_sec=0.000174"
polybench_style,bicg,large,1,baseline,0.001173,0.006273746490478516,0.001173;0.001188;0.001172,"kernel=bicg,size=large,n=768,threads=1,runtime_sec=0.001172"
polybench_style,bicg,large,1,optimized,0.001148,0.006119489669799805,0.001154;0.001125;0.001148,"kernel=bicg,size=large,n=768,threads=1,runtime_sec=0.001148"
polybench_style,bicg,large,2,baseline,0.000647,0.00474858283996582,0.000647;0.000645;0.000647,"kernel=bicg,size=large,n=768,threads=2,runtime_sec=0.000647"
polybench_style,bicg,large,2,optimized,0.000628,0.004690408706665039,0.000639;0.000628;0.000621,"kernel=bicg,size=large,n=768,threads=2,runtime_sec=0.000621"
polybench_style,bicg,large,4,baseline,0.000381,0.00409388542175293,0.000387;0.000381;0.000358,"kernel=bicg,size=large,n=768,threads=4,runtime_sec=0.000358"
polybench_style,bicg,large,4,optimized,0.000357,0.004026651382446289,0.000372;0.000347;0.000357,"kernel=bicg,size=large,n=768,threads=4,runtime_sec=0.000357"
polybench_style,bicg,large,8,baseline,0.000389,0.004161834716796875,0.000389;0.000319;0.000491,"kernel=bicg,size=large,n=768,threads=8,runtime_sec=0.000491"
polybench_style,bicg,large,8,optimized,0.000365,0.00414276123046875,0.00036;0.00038;0.000365,"kernel=bicg,size=large,n=768,threads=8,runtime_sec=0.000365"
polybench_style,bicg,large,16,baseline,0.000434,0.004839420318603516,0.00042;0.00044;0.000434,"kernel=bicg,size=large,n=768,threads=16,runtime_sec=0.000434"
polybench_style,bicg,large,16,optimized,0.000403,0.004793405532836914,0.000402;0.000403;0.000407,"kernel=bicg,size=large,n=768,threads=16,runtime_sec=0.000407"
polybench_style,mvt,small,1,baseline,0.000131,0.0028450489044189453,0.00014;0.000126;0.000131,"kernel=mvt,size=small,n=256,threads=1,runtime_sec=0.000131"
polybench_style,mvt,small,1,optimized,0.000114,0.0027723312377929688,0.000114;0.000112;0.000114,"kernel=mvt,size=small,n=256,threads=1,runtime_sec=0.000114"
polybench_style,mvt,small,2,baseline,7.4e-05,0.002840757369995117,7.7e-05;7.4e-05;7.3e-05,"kernel=mvt,size=small,n=256,threads=2,runtime_sec=0.000073"
polybench_style,mvt,small,2,optimized,7.3e-05,0.002806425094604492,7.5e-05;7.3e-05;6.6e-05,"kernel=mvt,size=small,n=256,threads=2,runtime_sec=0.000066"
polybench_style,mvt,small,4,baseline,5.8e-05,0.002893209457397461,5e-05;6.1e-05;5.8e-05,"kernel=mvt,size=small,n=256,threads=4,runtime_sec=0.000058"
polybench_style,mvt,small,4,optimized,4.6e-05,0.0029289722442626953,4.6e-05;4.9e-05;4.5e-05,"kernel=mvt,size=small,n=256,threads=4,runtime_sec=0.000045"
polybench_style,mvt,small,8,baseline,9.6e-05,0.0033254623413085938,9.6e-05;9.5e-05;9.6e-05,"kernel=mvt,size=small,n=256,threads=8,runtime_sec=0.000096"
polybench_style,mvt,small,8,optimized,8.9e-05,0.0033020973205566406,8.9e-05;7.4e-05;0.000108,"kernel=mvt,size=small,n=256,threads=8,runtime_sec=0.000108"
polybench_style,mvt,small,16,baseline,0.000123,0.004014730453491211,0.000123;0.000127;0.000114,"kernel=mvt,size=small,n=256,threads=16,runtime_sec=0.000114"
polybench_style,mvt,small,16,optimized,0.000119,0.0040280818939208984,0.000119;0.00011;0.000124,"kernel=mvt,size=small,n=256,threads=16,runtime_sec=0.000124"
polybench_style,mvt,standard,1,baseline,0.00051,0.004181861877441406,0.000509;0.000518;0.00051,"kernel=mvt,size=standard,n=512,threads=1,runtime_sec=0.000510"
polybench_style,mvt,standard,1,optimized,0.000481,0.004001140594482422,0.000493;0.00048;0.000481,"kernel=mvt,size=standard,n=512,threads=1,runtime_sec=0.000481"
polybench_style,mvt,standard,2,baseline,0.000295,0.0035920143127441406,0.000295;0.000297;0.000295,"kernel=mvt,size=standard,n=512,threads=2,runtime_sec=0.000295"
polybench_style,mvt,standard,2,optimized,0.000274,0.003544330596923828,0.000274;0.00027;0.00028,"kernel=mvt,size=standard,n=512,threads=2,runtime_sec=0.000280"
polybench_style,mvt,standard,4,baseline,0.000212,0.0033109188079833984,0.000212;0.000168;0.000215,"kernel=mvt,size=standard,n=512,threads=4,runtime_sec=0.000215"
polybench_style,mvt,standard,4,optimized,0.000165,0.003381013870239258,0.000173;0.000164;0.000165,"kernel=mvt,size=standard,n=512,threads=4,runtime_sec=0.000165"
polybench_style,mvt,standard,8,baseline,0.000163,0.0035657882690429688,0.00013;0.000163;0.000167,"kernel=mvt,size=standard,n=512,threads=8,runtime_sec=0.000167"
polybench_style,mvt,standard,8,optimized,0.000157,0.003598928451538086,0.000157;0.000154;0.000157,"kernel=mvt,size=standard,n=512,threads=8,runtime_sec=0.000157"
polybench_style,mvt,standard,16,baseline,0.000174,0.0043277740478515625,0.000184;0.00017;0.000174,"kernel=mvt,size=standard,n=512,threads=16,runtime_sec=0.000174"
polybench_style,mvt,standard,16,optimized,0.000185,0.004239082336425781,0.000169;0.0002;0.000185,"kernel=mvt,size=standard,n=512,threads=16,runtime_sec=0.000185"
polybench_style,mvt,large,1,baseline,0.001167,0.0061910152435302734,0.001169;0.001167;0.001166,"kernel=mvt,size=large,n=768,threads=1,runtime_sec=0.001166"
polybench_style,mvt,large,1,optimized,0.001126,0.005890369415283203,0.001126;0.001127;0.001125,"kernel=mvt,size=large,n=768,threads=1,runtime_sec=0.001125"
polybench_style,mvt,large,2,baseline,0.000643,0.004693746566772461,0.000643;0.000642;0.000643,"kernel=mvt,size=large,n=768,threads=2,runtime_sec=0.000643"
polybench_style,mvt,large,2,optimized,0.000629,0.0046765804290771484,0.000629;0.000619;0.000632,"kernel=mvt,size=large,n=768,threads=2,runtime_sec=0.000632"
polybench_style,mvt,large,4,baseline,0.000363,0.004080533981323242,0.000363;0.000353;0.000368,"kernel=mvt,size=large,n=768,threads=4,runtime_sec=0.000368"
polybench_style,mvt,large,4,optimized,0.000351,0.004019498825073242,0.000351;0.00036;0.000351,"kernel=mvt,size=large,n=768,threads=4,runtime_sec=0.000351"
polybench_style,mvt,large,8,baseline,0.000408,0.004332780838012695,0.000396;0.000492;0.000408,"kernel=mvt,size=large,n=768,threads=8,runtime_sec=0.000408"
polybench_style,mvt,large,8,optimized,0.000376,0.004206180572509766,0.000376;0.000371;0.000382,"kernel=mvt,size=large,n=768,threads=8,runtime_sec=0.000382"
polybench_style,mvt,large,16,baseline,0.000439,0.0049054622650146484,0.000452;0.000439;0.000433,"kernel=mvt,size=large,n=768,threads=16,runtime_sec=0.000433"
polybench_style,mvt,large,16,optimized,0.000404,0.004830598831176758,0.000404;0.000429;0.0004,"kernel=mvt,size=large,n=768,threads=16,runtime_sec=0.000400"
polybench_style,gemver,small,1,baseline,0.000126,0.0028409957885742188,0.000126;0.000126;0.000126,"kernel=gemver,size=small,n=256,threads=1,runtime_sec=0.000126"
polybench_style,gemver,small,1,optimized,0.000113,0.0027434825897216797,0.000114;0.000113;0.000113,"kernel=gemver,size=small,n=256,threads=1,runtime_sec=0.000113"
polybench_style,gemver,small,2,baseline,7.4e-05,0.0028018951416015625,7.4e-05;7.4e-05;7.5e-05,"kernel=gemver,size=small,n=256,threads=2,runtime_sec=0.000075"
polybench_style,gemver,small,2,optimized,6.6e-05,0.0028061866760253906,6.6e-05;6.6e-05;7.1e-05,"kernel=gemver,size=small,n=256,threads=2,runtime_sec=0.000071"
polybench_style,gemver,small,4,baseline,5.2e-05,0.002851247787475586,5.2e-05;5e-05;5.6e-05,"kernel=gemver,size=small,n=256,threads=4,runtime_sec=0.000056"
polybench_style,gemver,small,4,optimized,4.7e-05,0.0029249191284179688,4.6e-05;4.7e-05;4.9e-05,"kernel=gemver,size=small,n=256,threads=4,runtime_sec=0.000049"
polybench_style,gemver,small,8,baseline,8.8e-05,0.003313779830932617,8.8e-05;9.8e-05;8.3e-05,"kernel=gemver,size=small,n=256,threads=8,runtime_sec=0.000083"
polybench_style,gemver,small,8,optimized,7.8e-05,0.0032494068145751953,8.8e-05;6.2e-05;7.8e-05,"kernel=gemver,size=small,n=256,threads=8,runtime_sec=0.000078"
polybench_style,gemver,small,16,baseline,0.00011,0.0040132999420166016,0.000114;0.000109;0.00011,"kernel=gemver,size=small,n=256,threads=16,runtime_sec=0.000110"
polybench_style,gemver,small,16,optimized,0.000117,0.004099845886230469,0.000114;0.000121;0.000117,"kernel=gemver,size=small,n=256,threads=16,runtime_sec=0.000117"
polybench_style,gemver,standard,1,baseline,0.000508,0.00406646728515625,0.000508;0.000507;0.000508,"kernel=gemver,size=standard,n=512,threads=1,runtime_sec=0.000508"
polybench_style,gemver,standard,1,optimized,0.00048,0.0039670467376708984,0.00048;0.00048;0.00048,"kernel=gemver,size=standard,n=512,threads=1,runtime_sec=0.000480"
polybench_style,gemver,standard,2,baseline,0.000293,0.003583669662475586,0.000293;0.000297;0.000289,"kernel=gemver,size=standard,n=512,threads=2,runtime_sec=0.000289"
polybench_style,gemver,standard,2,optimized,0.000272,0.003559112548828125,0.000272;0.000277;0.000271,"kernel=gemver,size=standard,n=512,threads=2,runtime_sec=0.000271"
polybench_style,gemver,standard,4,baseline,0.000211,0.003387451171875,0.000207;0.000218;0.000211,"kernel=gemver,size=standard,n=512,threads=4,runtime_sec=0.000211"
polybench_style,gemver,standard,4,optimized,0.000165,0.003332376480102539,0.000162;0.000168;0.000165,"kernel=gemver,size=standard,n=512,threads=4,runtime_sec=0.000165"
polybench_style,gemver,standard,8,baseline,0.00016,0.0036134719848632812,0.000168;0.00016;0.000129,"kernel=gemver,size=standard,n=512,threads=8,runtime_sec=0.000129"
polybench_style,gemver,standard,8,optimized,0.000163,0.003609180450439453,0.000158;0.00022;0.000163,"kernel=gemver,size=standard,n=512,threads=8,runtime_sec=0.000163"
polybench_style,gemver,standard,16,baseline,0.000177,0.004313230514526367,0.000236;0.000162;0.000177,"kernel=gemver,size=standard,n=512,threads=16,runtime_sec=0.000177"
polybench_style,gemver,standard,16,optimized,0.000174,0.004343271255493164,0.000174;0.000136;0.000176,"kernel=gemver,size=standard,n=512,threads=16,runtime_sec=0.000176"
polybench_style,gemver,large,1,baseline,0.001207,0.006283283233642578,0.001207;0.001172;0.001212,"kernel=gemver,size=large,n=768,threads=1,runtime_sec=0.001212"
polybench_style,gemver,large,1,optimized,0.00113,0.005979299545288086,0.001129;0.001175;0.00113,"kernel=gemver,size=large,n=768,threads=1,runtime_sec=0.001130"
polybench_style,gemver,large,2,baseline,0.000649,0.00465846061706543,0.000649;0.00065;0.000646,"kernel=gemver,size=large,n=768,threads=2,runtime_sec=0.000646"
polybench_style,gemver,large,2,optimized,0.000631,0.0047070980072021484,0.000631;0.000633;0.000626,"kernel=gemver,size=large,n=768,threads=2,runtime_sec=0.000626"
polybench_style,gemver,large,4,baseline,0.000367,0.003992795944213867,0.000367;0.000351;0.00038,"kernel=gemver,size=large,n=768,threads=4,runtime_sec=0.000380"
polybench_style,gemver,large,4,optimized,0.000354,0.003989696502685547,0.000343;0.000354;0.000355,"kernel=gemver,size=large,n=768,threads=4,runtime_sec=0.000355"
polybench_style,gemver,large,8,baseline,0.000307,0.004063606262207031,0.000406;0.000299;0.000307,"kernel=gemver,size=large,n=768,threads=8,runtime_sec=0.000307"
polybench_style,gemver,large,8,optimized,0.000293,0.004077911376953125,0.000293;0.000257;0.00038,"kernel=gemver,size=large,n=768,threads=8,runtime_sec=0.000380"
polybench_style,gemver,large,16,baseline,0.000419,0.004828453063964844,0.00041;0.000419;0.00047,"kernel=gemver,size=large,n=768,threads=16,runtime_sec=0.000470"
polybench_style,gemver,large,16,optimized,0.000403,0.004830837249755859,0.000403;0.000417;0.000389,"kernel=gemver,size=large,n=768,threads=16,runtime_sec=0.000389"
polybench_style,gesummv,small,1,baseline,0.00013,0.002917051315307617,0.000131;0.00013;0.000126,"kernel=gesummv,size=small,n=256,threads=1,runtime_sec=0.000126"
polybench_style,gesummv,small,1,optimized,0.000114,0.0027713775634765625,0.000118;0.000114;0.000113,"kernel=gesummv,size=small,n=256,threads=1,runtime_sec=0.000113"
polybench_style,gesummv,small,2,baseline,7.5e-05,0.0028247833251953125,7.6e-05;7.5e-05;7.5e-05,"kernel=gesummv,size=small,n=256,threads=2,runtime_sec=0.000075"
polybench_style,gesummv,small,2,optimized,6.7e-05,0.0028107166290283203,6.5e-05;6.8e-05;6.7e-05,"kernel=gesummv,size=small,n=256,threads=2,runtime_sec=0.000067"
polybench_style,gesummv,small,4,baseline,5.7e-05,0.00286865234375,5.9e-05;5.1e-05;5.7e-05,"kernel=gesummv,size=small,n=256,threads=4,runtime_sec=0.000057"
polybench_style,gesummv,small,4,optimized,5.3e-05,0.0029058456420898438,4.5e-05;6.5e-05;5.3e-05,"kernel=gesummv,size=small,n=256,threads=4,runtime_sec=0.000053"
polybench_style,gesummv,small,8,baseline,8.6e-05,0.003313779830932617,8.5e-05;8.8e-05;8.6e-05,"kernel=gesummv,size=small,n=256,threads=8,runtime_sec=0.000086"
polybench_style,gesummv,small,8,optimized,7.6e-05,0.0033130645751953125,9e-05;7.4e-05;7.6e-05,"kernel=gesummv,size=small,n=256,threads=8,runtime_sec=0.000076"
polybench_style,gesummv,small,16,baseline,0.000117,0.004029750823974609,0.000117;0.000117;0.000124,"kernel=gesummv,size=small,n=256,threads=16,runtime_sec=0.000124"
polybench_style,gesummv,small,16,optimized,0.00012,0.0039827823638916016,0.000123;0.00012;0.000118,"kernel=gesummv,size=small,n=256,threads=16,runtime_sec=0.000118"
polybench_style,gesummv,standard,1,baseline,0.000508,0.004115104675292969,0.000508;0.000508;0.000507,"kernel=gesummv,size=standard,n=512,threads=1,runtime_sec=0.000507"
polybench_style,gesummv,standard,1,optimized,0.00048,0.004045963287353516,0.000482;0.00048;0.00048,"kernel=gesummv,size=standard,n=512,threads=1,runtime_sec=0.000480"
polybench_style,gesummv,standard,2,baseline,0.000293,0.003557920455932617,0.000293;0.000299;0.000293,"kernel=gesummv,size=standard,n=512,threads=2,runtime_sec=0.000293"
polybench_style,gesummv,standard,2,optimized,0.000276,0.003521442413330078,0.000273;0.000276;0.000279,"kernel=gesummv,size=standard,n=512,threads=2,runtime_sec=0.000279"
polybench_style,gesummv,standard,4,baseline,0.000176,0.0033347606658935547,0.000176;0.000217;0.000174,"kernel=gesummv,size=standard,n=512,threads=4,runtime_sec=0.000174"
polybench_style,gesummv,standard,4,optimized,0.00017,0.0033423900604248047,0.000169;0.000173;0.00017,"kernel=gesummv,size=standard,n=512,threads=4,runtime_sec=0.000170"
polybench_style,gesummv,standard,8,baseline,0.000155,0.003648996353149414,0.000132;0.000167;0.000155,"kernel=gesummv,size=standard,n=512,threads=8,runtime_sec=0.000155"
polybench_style,gesummv,standard,8,optimized,0.000169,0.003607034683227539,0.000153;0.000174;0.000169,"kernel=gesummv,size=standard,n=512,threads=8,runtime_sec=0.000169"
polybench_style,gesummv,standard,16,baseline,0.000187,0.004292488098144531,0.000184;0.000187;0.00019,"kernel=gesummv,size=standard,n=512,threads=16,runtime_sec=0.000190"
polybench_style,gesummv,standard,16,optimized,0.000174,0.004273176193237305,0.000174;0.000174;0.000177,"kernel=gesummv,size=standard,n=512,threads=16,runtime_sec=0.000177"
polybench_style,gesummv,large,1,baseline,0.001217,0.006256103515625,0.001217;0.001177;0.001217,"kernel=gesummv,size=large,n=768,threads=1,runtime_sec=0.001217"
polybench_style,gesummv,large,1,optimized,0.001148,0.0059814453125,0.001134;0.001174;0.001148,"kernel=gesummv,size=large,n=768,threads=1,runtime_sec=0.001148"
polybench_style,gesummv,large,2,baseline,0.00065,0.004646778106689453,0.00065;0.000678;0.000649,"kernel=gesummv,size=large,n=768,threads=2,runtime_sec=0.000649"
polybench_style,gesummv,large,2,optimized,0.000625,0.0047359466552734375,0.000622;0.00063;0.000625,"kernel=gesummv,size=large,n=768,threads=2,runtime_sec=0.000625"
polybench_style,gesummv,large,4,baseline,0.000367,0.00405120849609375,0.000363;0.000367;0.000374,"kernel=gesummv,size=large,n=768,threads=4,runtime_sec=0.000374"
polybench_style,gesummv,large,4,optimized,0.000375,0.004035472869873047,0.000366;0.000375;0.000378,"kernel=gesummv,size=large,n=768,threads=4,runtime_sec=0.000378"
polybench_style,gesummv,large,8,baseline,0.000283,0.00410771369934082,0.000283;0.000239;0.000317,"kernel=gesummv,size=large,n=768,threads=8,runtime_sec=0.000317"
polybench_style,gesummv,large,8,optimized,0.000358,0.004231929779052734,0.000352;0.000371;0.000358,"kernel=gesummv,size=large,n=768,threads=8,runtime_sec=0.000358"
polybench_style,gesummv,large,16,baseline,0.000459,0.004884958267211914,0.000432;0.000459;0.000482,"kernel=gesummv,size=large,n=768,threads=16,runtime_sec=0.000482"
polybench_style,gesummv,large,16,optimized,0.000396,0.00480341911315918,0.000396;0.000411;0.000391,"kernel=gesummv,size=large,n=768,threads=16,runtime_sec=0.000391"
polybench_style,durbin,small,1,baseline,0.001663,0.0041697025299072266,0.001663;0.001665;0.001663,"kernel=durbin,size=small,n=256,threads=1,runtime_sec=0.001663"
polybench_style,durbin,small,1,optimized,0.00159,0.004036903381347656,0.00159;0.001589;0.00159,"kernel=durbin,size=small,n=256,threads=1,runtime_sec=0.001590"
polybench_style,durbin,small,2,baseline,0.001678,0.004303455352783203,0.001677;0.00169;0.001678,"kernel=durbin,size=small,n=256,threads=2,runtime_sec=0.001678"
polybench_style,durbin,small,2,optimized,0.001607,0.004232645034790039,0.001607;0.001638;0.001591,"kernel=durbin,size=small,n=256,threads=2,runtime_sec=0.001591"
polybench_style,durbin,small,4,baseline,0.001663,0.004462242126464844,0.001663;0.001665;0.001663,"kernel=durbin,size=small,n=256,threads=4,runtime_sec=0.001663"
polybench_style,durbin,small,4,optimized,0.001608,0.004402875900268555,0.001591;0.001608;0.001618,"kernel=durbin,size=small,n=256,threads=4,runtime_sec=0.001618"
polybench_style,durbin,small,8,baseline,0.001665,0.004806995391845703,0.001675;0.001665;0.001663,"kernel=durbin,size=small,n=256,threads=8,runtime_sec=0.001663"
polybench_style,durbin,small,8,optimized,0.001605,0.004745006561279297,0.001605;0.00161;0.001604,"kernel=durbin,size=small,n=256,threads=8,runtime_sec=0.001604"
polybench_style,durbin,small,16,baseline,0.001664,0.00551295280456543,0.001664;0.001682;0.001664,"kernel=durbin,size=small,n=256,threads=16,runtime_sec=0.001664"
polybench_style,durbin,small,16,optimized,0.001591,0.005432844161987305,0.001591;0.001625;0.001591,"kernel=durbin,size=small,n=256,threads=16,runtime_sec=0.001591"
polybench_style,durbin,standard,1,baseline,0.006602,0.009068965911865234,0.006589;0.00663;0.006602,"kernel=durbin,size=standard,n=512,threads=1,runtime_sec=0.006602"
polybench_style,durbin,standard,1,optimized,0.006301,0.008712291717529297,0.006301;0.006305;0.005251,"kernel=durbin,size=standard,n=512,threads=1,runtime_sec=0.005251"
polybench_style,durbin,standard,2,baseline,0.006597,0.009205818176269531,0.006597;0.005701;0.006604,"kernel=durbin,size=standard,n=512,threads=2,runtime_sec=0.006604"
polybench_style,durbin,standard,2,optimized,0.0063,0.008928060531616211,0.0063;0.0063;0.00632,"kernel=durbin,size=standard,n=512,threads=2,runtime_sec=0.006320"
polybench_style,durbin,standard,4,baseline,0.006585,0.009307622909545898,0.00661;0.006585;0.005084,"kernel=durbin,size=standard,n=512,threads=4,runtime_sec=0.005084"
polybench_style,durbin,standard,4,optimized,0.006307,0.009069204330444336,0.006093;0.006311;0.006307,"kernel=durbin,size=standard,n=512,threads=4,runtime_sec=0.006307"
polybench_style,durbin,standard,8,baseline,0.006601,0.009781122207641602,0.006601;0.006604;0.0066,"kernel=durbin,size=standard,n=512,threads=8,runtime_sec=0.006600"
polybench_style,durbin,standard,8,optimized,0.006257,0.009415149688720703,0.006226;0.006257;0.006304,"kernel=durbin,size=standard,n=512,threads=8,runtime_sec=0.006304"
polybench_style,durbin,standard,16,baseline,0.006589,0.010335445404052734,0.006589;0.006611;0.006578,"kernel=durbin,size=standard,n=512,threads=16,runtime_sec=0.006578"
polybench_style,durbin,standard,16,optimized,0.006307,0.009908199310302734,0.004501;0.00632;0.006307,"kernel=durbin,size=standard,n=512,threads=16,runtime_sec=0.006307"
polybench_style,durbin,large,1,baseline,0.013281,0.01573967933654785,0.013075;0.014773;0.013281,"kernel=durbin,size=large,n=768,threads=1,runtime_sec=0.013281"
polybench_style,durbin,large,1,optimized,0.013139,0.015331268310546875,0.01322;0.012961;0.013139,"kernel=durbin,size=large,n=768,threads=1,runtime_sec=0.013139"
polybench_style,durbin,large,2,baseline,0.01403,0.016681909561157227,0.01403;0.012991;0.014361,"kernel=durbin,size=large,n=768,threads=2,runtime_sec=0.014361"
polybench_style,durbin,large,2,optimized,0.012946,0.015503883361816406,0.012598;0.013204;0.012946,"kernel=durbin,size=large,n=768,threads=2,runtime_sec=0.012946"
polybench_style,durbin,large,4,baseline,0.013345,0.015735149383544922,0.013345;0.014097;0.013051,"kernel=durbin,size=large,n=768,threads=4,runtime_sec=0.013051"
polybench_style,durbin,large,4,optimized,0.013421,0.015783309936523438,0.01372;0.012747;0.013421,"kernel=durbin,size=large,n=768,threads=4,runtime_sec=0.013421"
polybench_style,durbin,large,8,baseline,0.014079,0.01704263687133789,0.014079;0.012919;0.014161,"kernel=durbin,size=large,n=768,threads=8,runtime_sec=0.014161"
polybench_style,durbin,large,8,optimized,0.012912,0.015989303588867188,0.012912;0.012883;0.014114,"kernel=durbin,size=large,n=768,threads=8,runtime_sec=0.014114"
polybench_style,durbin,large,16,baseline,0.012983,0.016318559646606445,0.012372;0.01387;0.012983,"kernel=durbin,size=large,n=768,threads=16,runtime_sec=0.012983"
polybench_style,durbin,large,16,optimized,0.009492,0.012115955352783203,0.008848;0.011514;0.009492,"kernel=durbin,size=large,n=768,threads=16,runtime_sec=0.009492"
polybench_style,conv2d,small,1,baseline,0.002429,0.004813671112060547,0.00234;0.004338;0.002429,"kernel=conv2d,size=small,n=256,threads=1,runtime_sec=0.002429"
polybench_style,conv2d,small,1,optimized,0.001996,0.006309986114501953,0.001996;0.001291;0.002127,"kernel=conv2d,size=small,n=256,threads=1,runtime_sec=0.002127"
polybench_style,conv2d,small,2,baseline,0.00278,0.006518840789794922,0.002755;0.002802;0.00278,"kernel=conv2d,size=small,n=256,threads=2,runtime_sec=0.002780"
polybench_style,conv2d,small,2,optimized,0.001154,0.004930019378662109,0.001156;0.001064;0.001154,"kernel=conv2d,size=small,n=256,threads=2,runtime_sec=0.001154"
polybench_style,conv2d,small,4,baseline,0.001478,0.005034446716308594,0.001478;0.001734;0.001464,"kernel=conv2d,size=small,n=256,threads=4,runtime_sec=0.001464"
polybench_style,conv2d,small,4,optimized,0.000717,0.004332542419433594,0.000765;0.000717;0.000708,"kernel=conv2d,size=small,n=256,threads=4,runtime_sec=0.000708"
polybench_style,conv2d,small,8,baseline,0.00111,0.004929304122924805,0.00111;0.001447;0.001106,"kernel=conv2d,size=small,n=256,threads=8,runtime_sec=0.001106"
polybench_style,conv2d,small,8,optimized,0.000459,0.004195213317871094,0.00048;0.000459;0.00045,"kernel=conv2d,size=small,n=256,threads=8,runtime_sec=0.000450"
polybench_style,conv2d,small,16,baseline,0.000607,0.005097866058349609,0.000872;0.000607;0.000605,"kernel=conv2d,size=small,n=256,threads=16,runtime_sec=0.000605"
polybench_style,conv2d,small,16,optimized,0.000439,0.0048215389251708984,0.000431;0.000463;0.000439,"kernel=conv2d,size=small,n=256,threads=16,runtime_sec=0.000439"
polybench_style,conv2d,standard,1,baseline,0.016189,0.026450395584106445,0.016189;0.01416;0.016834,"kernel=conv2d,size=standard,n=512,threads=1,runtime_sec=0.016834"
polybench_style,conv2d,standard,1,optimized,0.007463,0.01769542694091797,0.007371;0.007463;0.008496,"kernel=conv2d,size=standard,n=512,threads=1,runtime_sec=0.008496"
polybench_style,conv2d,standard,2,baseline,0.009588,0.01699519157409668,0.008735;0.009588;0.010694,"kernel=conv2d,size=standard,n=512,threads=2,runtime_sec=0.010694"
polybench_style,conv2d,standard,2,optimized,0.004678,0.011419534683227539,0.00483;0.004583;0.004678,"kernel=conv2d,size=standard,n=512,threads=2,runtime_sec=0.004678"
polybench_style,conv2d,standard,4,baseline,0.005721,0.011476516723632812,0.005721;0.005438;0.006019,"kernel=conv2d,size=standard,n=512,threads=4,runtime_sec=0.006019"
polybench_style,conv2d,standard,4,optimized,0.002288,0.0079498291015625,0.002288;0.002343;0.00224,"kernel=conv2d,size=standard,n=512,threads=4,runtime_sec=0.002240"
polybench_style,conv2d,standard,8,baseline,0.003085,0.008367776870727539,0.003121;0.003085;0.002863,"kernel=conv2d,size=standard,n=512,threads=8,runtime_sec=0.002863"
polybench_style,conv2d,standard,8,optimized,0.001302,0.0064945220947265625,0.001275;0.001344;0.001302,"kernel=conv2d,size=standard,n=512,threads=8,runtime_sec=0.001302"
polybench_style,conv2d,standard,16,baseline,0.001878,0.007823944091796875,0.001878;0.001882;0.001605,"kernel=conv2d,size=standard,n=512,threads=16,runtime_sec=0.001605"
polybench_style,conv2d,standard,16,optimized,0.000834,0.006700277328491211,0.000834;0.000832;0.000959,"kernel=conv2d,size=standard,n=512,threads=16,runtime_sec=0.000959"
polybench_style,conv2d,large,1,baseline,0.022011,0.041771888732910156,0.020702;0.022353;0.022011,"kernel=conv2d,size=large,n=768,threads=1,runtime_sec=0.022011"
polybench_style,conv2d,large,1,optimized,0.013739,0.02936410903930664,0.014414;0.013739;0.013188,"kernel=conv2d,size=large,n=768,threads=1,runtime_sec=0.013188"
polybench_style,conv2d,large,2,baseline,0.017683,0.027732372283935547,0.015814;0.017683;0.018112,"kernel=conv2d,size=large,n=768,threads=2,runtime_sec=0.018112"
polybench_style,conv2d,large,2,optimized,0.007752,0.02009296417236328,0.008934;0.007752;0.007732,"kernel=conv2d,size=large,n=768,threads=2,runtime_sec=0.007732"
polybench_style,conv2d,large,4,baseline,0.011336,0.017667770385742188,0.010283;0.011336;0.011899,"kernel=conv2d,size=large,n=768,threads=4,runtime_sec=0.011899"
polybench_style,conv2d,large,4,optimized,0.005178,0.01367044448852539,0.005178;0.005395;0.005168,"kernel=conv2d,size=large,n=768,threads=4,runtime_sec=0.005168"
polybench_style,conv2d,large,8,baseline,0.006252,0.012739181518554688,0.006252;0.006117;0.006654,"kernel=conv2d,size=large,n=768,threads=8,runtime_sec=0.006654"
polybench_style,conv2d,large,8,optimized,0.002679,0.008792877197265625,0.002275;0.002679;0.002708,"kernel=conv2d,size=large,n=768,threads=8,runtime_sec=0.002708"
polybench_style,conv2d,large,16,baseline,0.003358,0.010510683059692383,0.003562;0.003358;0.003321,"kernel=conv2d,size=large,n=768,threads=16,runtime_sec=0.003321"
polybench_style,conv2d,large,16,optimized,0.001612,0.008512258529663086,0.001514;0.001612;0.001756,"kernel=conv2d,size=large,n=768,threads=16,runtime_sec=0.001756"
polybench_style,conv3d,small,1,baseline,0.019328,0.030620336532592773,0.018725;0.019328;0.020063,"kernel=conv3d,size=small,n=256,threads=1,runtime_sec=0.020063"
polybench_style,conv3d,small,1,optimized,0.010492,0.0191190242767334,0.010492;0.009563;0.010869,"kernel=conv3d,size=small,n=256,threads=1,runtime_sec=0.010869"
polybench_style,conv3d,small,2,baseline,0.013769,0.020726680755615234,0.013985;0.013673;0.013769,"kernel=conv3d,size=small,n=256,threads=2,runtime_sec=0.013769"
polybench_style,conv3d,small,2,optimized,0.005784,0.011017084121704102,0.003984;0.00699;0.005784,"kernel=conv3d,size=small,n=256,threads=2,runtime_sec=0.005784"
polybench_style,conv3d,small,4,baseline,0.007752,0.012593746185302734,0.008072;0.007029;0.007752,"kernel=conv3d,size=small,n=256,threads=4,runtime_sec=0.007752"
polybench_style,conv3d,small,4,optimized,0.003507,0.009238958358764648,0.003596;0.00325;0.003507,"kernel=conv3d,size=small,n=256,threads=4,runtime_sec=0.003507"
polybench_style,conv3d,small,8,baseline,0.004416,0.009276866912841797,0.004091;0.004416;0.004523,"kernel=conv3d,size=small,n=256,threads=8,runtime_sec=0.004523"
polybench_style,conv3d,small,8,optimized,0.002056,0.0068073272705078125,0.002056;0.002106;0.001895,"kernel=conv3d,size=small,n=256,threads=8,runtime_sec=0.001895"
polybench_style,conv3d,small,16,baseline,0.002544,0.007943391799926758,0.002544;0.002974;0.002226,"kernel=conv3d,size=small,n=256,threads=16,runtime_sec=0.002226"
polybench_style,conv3d,small,16,optimized,0.001395,0.006998300552368164,0.001386;0.001395;0.001599,"kernel=conv3d,size=small,n=256,threads=16,runtime_sec=0.001599"
polybench_style,conv3d,standard,1,baseline,0.082589,0.12681007385253906,0.093082;0.082589;0.079278,"kernel=conv3d,size=standard,n=512,threads=1,runtime_sec=0.079278"
polybench_style,conv3d,standard,1,optimized,0.050228,0.09348249435424805,0.049704;0.050228;0.050663,"kernel=conv3d,size=standard,n=512,threads=1,runtime_sec=0.050663"
polybench_style,conv3d,standard,2,baseline,0.04271,0.07367777824401855,0.043302;0.04271;0.042601,"kernel=conv3d,size=standard,n=512,threads=2,runtime_sec=0.042601"
polybench_style,conv3d,standard,2,optimized,0.028113,0.0590510368347168,0.027468;0.028135;0.028113,"kernel=conv3d,size=standard,n=512,threads=2,runtime_sec=0.028113"
polybench_style,conv3d,standard,4,baseline,0.02848,0.050211429595947266,0.029725;0.028388;0.02848,"kernel=conv3d,size=standard,n=512,threads=4,runtime_sec=0.028480"
polybench_style,conv3d,standard,4,optimized,0.018997,0.04055142402648926,0.018997;0.018772;0.020202,"kernel=conv3d,size=standard,n=512,threads=4,runtime_sec=0.020202"
polybench_style,conv3d,standard,8,baseline,0.021478,0.036875009536743164,0.022305;0.021478;0.018583,"kernel=conv3d,size=standard,n=512,threads=8,runtime_sec=0.018583"
polybench_style,conv3d,standard,8,optimized,0.012121,0.02602863311767578,0.012121;0.010598;0.012469,"kernel=conv3d,size=standard,n=512,threads=8,runtime_sec=0.012469"
polybench_style,conv3d,standard,16,baseline,0.013987,0.02483367919921875,0.013987;0.014366;0.012372,"kernel=conv3d,size=standard,n=512,threads=16,runtime_sec=0.012372"
polybench_style,conv3d,standard,16,optimized,0.005614,0.01574563980102539,0.006301;0.00551;0.005614,"kernel=conv3d,size=standard,n=512,threads=16,runtime_sec=0.005614"
polybench_style,conv3d,large,1,baseline,0.668034,0.7672114372253418,0.719753;0.668034;0.468105,"kernel=conv3d,size=large,n=768,threads=1,runtime_sec=0.468105"
polybench_style,conv3d,large,1,optimized,0.28735,0.3852686882019043,0.288908;0.282642;0.28735,"kernel=conv3d,size=large,n=768,threads=1,runtime_sec=0.287350"
polybench_style,conv3d,large,2,baseline,0.152311,0.21904706954956055,0.154043;0.149859;0.152311,"kernel=conv3d,size=large,n=768,threads=2,runtime_sec=0.152311"
polybench_style,conv3d,large,2,optimized,0.125029,0.18990707397460938,0.125321;0.125029;0.124893,"kernel=conv3d,size=large,n=768,threads=2,runtime_sec=0.124893"
polybench_style,conv3d,large,4,baseline,0.084303,0.1262979507446289,0.087033;0.080013;0.084303,"kernel=conv3d,size=large,n=768,threads=4,runtime_sec=0.084303"
polybench_style,conv3d,large,4,optimized,0.067233,0.11162114143371582,0.067165;0.067233;0.068283,"kernel=conv3d,size=large,n=768,threads=4,runtime_sec=0.068283"
polybench_style,conv3d,large,8,baseline,0.046941,0.08095073699951172,0.045519;0.046941;0.048123,"kernel=conv3d,size=large,n=768,threads=8,runtime_sec=0.048123"
polybench_style,conv3d,large,8,optimized,0.036272,0.0698096752166748,0.036055;0.036438;0.036272,"kernel=conv3d,size=large,n=768,threads=8,runtime_sec=0.036272"
polybench_style,conv3d,large,16,baseline,0.029787,0.05583834648132324,0.028954;0.030014;0.029787,"kernel=conv3d,size=large,n=768,threads=16,runtime_sec=0.029787"
polybench_style,conv3d,large,16,optimized,0.025158,0.05057692527770996,0.024614;0.025158;0.025382,"kernel=conv3d,size=large,n=768,threads=16,runtime_sec=0.025382"
rodinia_style,hotspot,small,1,baseline,0.002535,0.0050618648529052734,0.005392;0.002412;0.002535,"kernel=hotspot,size=small,n=256,threads=1,runtime_sec=0.002535"
rodinia_style,hotspot,small,1,optimized,0.001185,0.003934383392333984,0.001185;0.001158;0.001635,"kernel=hotspot,size=small,n=256,threads=1,runtime_sec=0.001635"
rodinia_style,hotspot,small,2,baseline,0.002762,0.006525754928588867,0.002153;0.002762;0.002785,"kernel=hotspot,size=small,n=256,threads=2,runtime_sec=0.002785"
rodinia_style,hotspot,small,2,optimized,0.001089,0.004922389984130859,0.001152;0.001076;0.001089,"kernel=hotspot,size=small,n=256,threads=2,runtime_sec=0.001089"
rodinia_style,hotspot,small,4,baseline,0.001457,0.005004167556762695,0.001455;0.001457;0.001771,"kernel=hotspot,size=small,n=256,threads=4,runtime_sec=0.001771"
rodinia_style,hotspot,small,4,optimized,0.000631,0.004121065139770508,0.000773;0.000631;0.000606,"kernel=hotspot,size=small,n=256,threads=4,runtime_sec=0.000606"
rodinia_style,hotspot,small,8,baseline,0.000838,0.004596710205078125,0.000838;0.001155;0.000827,"kernel=hotspot,size=small,n=256,threads=8,runtime_sec=0.000827"
rodinia_style,hotspot,small,8,optimized,0.000433,0.0042035579681396484,0.000433;0.000428;0.000444,"kernel=hotspot,size=small,n=256,threads=8,runtime_sec=0.000444"
rodinia_style,hotspot,small,16,baseline,0.000605,0.00498509407043457,0.000584;0.000605;0.000852,"kernel=hotspot,size=small,n=256,threads=16,runtime_sec=0.000852"
rodinia_style,hotspot,small,16,optimized,0.000422,0.004887104034423828,0.000422;0.000407;0.000496,"kernel=hotspot,size=small,n=256,threads=16,runtime_sec=0.000496"
rodinia_style,hotspot,standard,1,baseline,0.014232,0.025433778762817383,0.014168;0.014232;0.018515,"kernel=hotspot,size=standard,n=512,threads=1,runtime_sec=0.018515"
rodinia_style,hotspot,standard,1,optimized,0.008586,0.018285751342773438,0.008586;0.006725;0.008904,"kernel=hotspot,size=standard,n=512,threads=1,runtime_sec=0.008904"
rodinia_style,hotspot,standard,2,baseline,0.010883,0.018341064453125,0.01104;0.010702;0.010883,"kernel=hotspot,size=standard,n=512,threads=2,runtime_sec=0.010883"
rodinia_style,hotspot,standard,2,optimized,0.004874,0.011845111846923828,0.004874;0.00469;0.004884,"kernel=hotspot,size=standard,n=512,threads=2,runtime_sec=0.004884"
rodinia_style,hotspot,standard,4,baseline,0.005436,0.010582685470581055,0.00545;0.005436;0.005427,"kernel=hotspot,size=standard,n=512,threads=4,runtime_sec=0.005427"
rodinia_style,hotspot,standard,4,optimized,0.00223,0.007683992385864258,0.002335;0.00216;0.00223,"kernel=hotspot,size=standard,n=512,threads=4,runtime_sec=0.002230"
rodinia_style,hotspot,standard,8,baseline,0.003123,0.008060693740844727,0.003123;0.00286;0.00315,"kernel=hotspot,size=standard,n=512,threads=8,runtime_sec=0.003150"
rodinia_style,hotspot,standard,8,optimized,0.001254,0.006459712982177734,0.001254;0.001322;0.001201,"kernel=hotspot,size=standard,n=512,threads=8,runtime_sec=0.001201"
rodinia_style,hotspot,standard,16,baseline,0.001916,0.007739543914794922,0.001916;0.001904;0.001937,"kernel=hotspot,size=standard,n=512,threads=16,runtime_sec=0.001937"
rodinia_style,hotspot,standard,16,optimized,0.000849,0.006300449371337891,0.000837;0.000849;0.000878,"kernel=hotspot,size=standard,n=512,threads=16,runtime_sec=0.000878"
rodinia_style,hotspot,large,1,baseline,0.022516,0.043004751205444336,0.022516;0.023491;0.020369,"kernel=hotspot,size=large,n=768,threads=1,runtime_sec=0.020369"
rodinia_style,hotspot,large,1,optimized,0.01346,0.027767658233642578,0.015379;0.01346;0.013224,"kernel=hotspot,size=large,n=768,threads=1,runtime_sec=0.013224"
rodinia_style,hotspot,large,2,baseline,0.01727,0.029158592224121094,0.016977;0.01772;0.01727,"kernel=hotspot,size=large,n=768,threads=2,runtime_sec=0.017270"
rodinia_style,hotspot,large,2,optimized,0.009008,0.021035194396972656,0.009367;0.008821;0.009008,"kernel=hotspot,size=large,n=768,threads=2,runtime_sec=0.009008"
rodinia_style,hotspot,large,4,baseline,0.011319,0.020216941833496094,0.011307;0.011319;0.011579,"kernel=hotspot,size=large,n=768,threads=4,runtime_sec=0.011579"
rodinia_style,hotspot,large,4,optimized,0.005249,0.013005256652832031,0.005392;0.005151;0.005249,"kernel=hotspot,size=large,n=768,threads=4,runtime_sec=0.005249"
rodinia_style,hotspot,large,8,baseline,0.006817,0.013439178466796875,0.006817;0.006928;0.006385,"kernel=hotspot,size=large,n=768,threads=8,runtime_sec=0.006385"
rodinia_style,hotspot,large,8,optimized,0.002634,0.007889747619628906,0.002593;0.002634;0.002645,"kernel=hotspot,size=large,n=768,threads=8,runtime_sec=0.002645"
rodinia_style,hotspot,large,16,baseline,0.003558,0.010897636413574219,0.003558;0.003319;0.004099,"kernel=hotspot,size=large,n=768,threads=16,runtime_sec=0.004099"
rodinia_style,hotspot,large,16,optimized,0.00148,0.00882863998413086,0.001696;0.001443;0.00148,"kernel=hotspot,size=large,n=768,threads=16,runtime_sec=0.001480"
rodinia_style,particlefilter,small,1,baseline,0.50667,0.5300486087799072,0.507635;0.50667;0.498061,"kernel=particlefilter,size=small,n=256,threads=1,runtime_sec=0.498061"
rodinia_style,particlefilter,small,1,optimized,0.500704,0.5228750705718994,0.501458;0.500704;0.499856,"kernel=particlefilter,size=small,n=256,threads=1,runtime_sec=0.499856"
rodinia_style,particlefilter,small,2,baseline,0.262303,0.27719879150390625,0.260604;0.262992;0.262303,"kernel=particlefilter,size=small,n=256,threads=2,runtime_sec=0.262303"
rodinia_style,particlefilter,small,2,optimized,0.255903,0.266587495803833,0.254077;0.255903;0.262724,"kernel=particlefilter,size=small,n=256,threads=2,runtime_sec=0.262724"
rodinia_style,particlefilter,small,4,baseline,0.148382,0.15786385536193848,0.148382;0.145945;0.15068,"kernel=particlefilter,size=small,n=256,threads=4,runtime_sec=0.150680"
rodinia_style,particlefilter,small,4,optimized,0.146285,0.15549039840698242,0.142439;0.147294;0.146285,"kernel=particlefilter,size=small,n=256,threads=4,runtime_sec=0.146285"
rodinia_style,particlefilter,small,8,baseline,0.084777,0.09178471565246582,0.084605;0.084777;0.08484,"kernel=particlefilter,size=small,n=256,threads=8,runtime_sec=0.084840"
rodinia_style,particlefilter,small,8,optimized,0.085554,0.0921015739440918,0.085554;0.085573;0.085285,"kernel=particlefilter,size=small,n=256,threads=8,runtime_sec=0.085285"
rodinia_style,particlefilter,small,16,baseline,0.052459,0.0587005615234375,0.052459;0.052744;0.05231,"kernel=particlefilter,size=small,n=256,threads=16,runtime_sec=0.052310"
rodinia_style,particlefilter,small,16,optimized,0.052249,0.05826544761657715,0.050209;0.052249;0.052277,"kernel=particlefilter,size=small,n=256,threads=16,runtime_sec=0.052277"
rodinia_style,particlefilter,standard,1,baseline,0.999763,1.0184326171875,0.999763;0.998532;1.012718,"kernel=particlefilter,size=standard,n=512,threads=1,runtime_sec=1.012718"
rodinia_style,particlefilter,standard,1,optimized,1.030384,1.0661566257476807,0.992951;1.030384;1.063667,"kernel=particlefilter,size=standard,n=512,threads=1,runtime_sec=1.063667"
rodinia_style,particlefilter,standard,2,baseline,0.507047,0.5327327251434326,0.506153;0.507798;0.507047,"kernel=particlefilter,size=standard,n=512,threads=2,runtime_sec=0.507047"
rodinia_style,particlefilter,standard,2,optimized,0.502893,0.5271954536437988,0.502066;0.504332;0.502893,"kernel=particlefilter,size=standard,n=512,threads=2,runtime_sec=0.502893"
rodinia_style,particlefilter,standard,4,baseline,0.275075,0.2917807102203369,0.274719;0.275075;0.275478,"kernel=particlefilter,size=standard,n=512,threads=4,runtime_sec=0.275478"
rodinia_style,particlefilter,standard,4,optimized,0.274148,0.290360689163208,0.273558;0.279061;0.274148,"kernel=particlefilter,size=standard,n=512,threads=4,runtime_sec=0.274148"
rodinia_style,particlefilter,standard,8,baseline,0.151765,0.16226863861083984,0.151326;0.169691;0.151765,"kernel=particlefilter,size=standard,n=512,threads=8,runtime_sec=0.151765"
rodinia_style,particlefilter,standard,8,optimized,0.16772,0.1777653694152832,0.16772;0.151432;0.17035,"kernel=particlefilter,size=standard,n=512,threads=8,runtime_sec=0.170350"
rodinia_style,particlefilter,standard,16,baseline,0.112495,0.12242293357849121,0.11462;0.111109;0.112495,"kernel=particlefilter,size=standard,n=512,threads=16,runtime_sec=0.112495"
rodinia_style,particlefilter,standard,16,optimized,0.112932,0.1189720630645752,0.119135;0.09969;0.112932,"kernel=particlefilter,size=standard,n=512,threads=16,runtime_sec=0.112932"
rodinia_style,particlefilter,large,1,baseline,1.499476,1.5419061183929443,1.500089;1.499476;1.498366,"kernel=particlefilter,size=large,n=768,threads=1,runtime_sec=1.498366"
rodinia_style,particlefilter,large,1,optimized,1.486323,1.5334179401397705,1.493825;1.486323;1.486048,"kernel=particlefilter,size=large,n=768,threads=1,runtime_sec=1.486048"
rodinia_style,particlefilter,large,2,baseline,0.753161,0.7855334281921387,0.753322;0.753161;0.752786,"kernel=particlefilter,size=large,n=768,threads=2,runtime_sec=0.752786"
rodinia_style,particlefilter,large,2,optimized,0.747283,0.7805509567260742,0.747009;0.749937;0.747283,"kernel=particlefilter,size=large,n=768,threads=2,runtime_sec=0.747283"
rodinia_style,particlefilter,large,4,baseline,0.404624,0.4264044761657715,0.403589;0.430535;0.404624,"kernel=particlefilter,size=large,n=768,threads=4,runtime_sec=0.404624"
rodinia_style,particlefilter,large,4,optimized,0.400033,0.4127779006958008,0.402571;0.394185;0.400033,"kernel=particlefilter,size=large,n=768,threads=4,runtime_sec=0.400033"
rodinia_style,particlefilter,large,8,baseline,0.233881,0.24758219718933105,0.233881;0.233099;0.234498,"kernel=particlefilter,size=large,n=768,threads=8,runtime_sec=0.234498"
rodinia_style,particlefilter,large,8,optimized,0.233251,0.2476801872253418,0.216036;0.234162;0.233251,"kernel=particlefilter,size=large,n=768,threads=8,runtime_sec=0.233251"
rodinia_style,particlefilter,large,16,baseline,0.160894,0.1743769645690918,0.160894;0.169085;0.150866,"kernel=particlefilter,size=large,n=768,threads=16,runtime_sec=0.150866"
rodinia_style,particlefilter,large,16,optimized,0.159889,0.16690754890441895,0.171918;0.146808;0.159889,"kernel=particlefilter,size=large,n=768,threads=16,runtime_sec=0.159889"
rodinia_style,srad,small,1,baseline,0.002266,0.004362821578979492,0.004424;0.001476;0.002266,"kernel=srad,size=small,n=256,threads=1,runtime_sec=0.002266"
rodinia_style,srad,small,1,optimized,0.000883,0.0029435157775878906,0.000883;0.000863;0.001072,"kernel=srad,size=small,n=256,threads=1,runtime_sec=0.001072"
rodinia_style,srad,small,2,baseline,0.002118,0.0046803951263427734,0.001714;0.003077;0.002118,"kernel=srad,size=small,n=256,threads=2,runtime_sec=0.002118"
rodinia_style,srad,small,2,optimized,0.000989,0.004395484924316406,0.000814;0.001137;0.000989,"kernel=srad,size=small,n=256,threads=2,runtime_sec=0.000989"
rodinia_style,srad,small,4,baseline,0.001496,0.004891872406005859,0.001743;0.001426;0.001496,"kernel=srad,size=small,n=256,threads=4,runtime_sec=0.001496"
rodinia_style,srad,small,4,optimized,0.000616,0.0040798187255859375,0.00061;0.000616;0.000699,"kernel=srad,size=small,n=256,threads=4,runtime_sec=0.000699"
rodinia_style,srad,small,8,baseline,0.000796,0.00444340705871582,0.001077;0.000787;0.000796,"kernel=srad,size=small,n=256,threads=8,runtime_sec=0.000796"
rodinia_style,srad,small,8,optimized,0.000398,0.004014015197753906,0.000392;0.000468;0.000398,"kernel=srad,size=small,n=256,threads=8,runtime_sec=0.000398"
rodinia_style,srad,small,16,baseline,0.000839,0.005076408386230469,0.00088;0.000831;0.000839,"kernel=srad,size=small,n=256,threads=16,runtime_sec=0.000839"
rodinia_style,srad,small,16,optimized,0.000422,0.0046613216400146484,0.000422;0.000422;0.000448,"kernel=srad,size=small,n=256,threads=16,runtime_sec=0.000448"
rodinia_style,srad,standard,1,baseline,0.016108,0.027622699737548828,0.01367;0.016108;0.017064,"kernel=srad,size=standard,n=512,threads=1,runtime_sec=0.017064"
rodinia_style,srad,standard,1,optimized,0.00894,0.020214319229125977,0.00894;0.009566;0.00852,"kernel=srad,size=standard,n=512,threads=1,runtime_sec=0.008520"
rodinia_style,srad,standard,2,baseline,0.00951,0.016736745834350586,0.00951;0.009285;0.01055,"kernel=srad,size=standard,n=512,threads=2,runtime_sec=0.010550"
rodinia_style,srad,standard,2,optimized,0.004176,0.010436773300170898,0.004736;0.004176;0.003857,"kernel=srad,size=standard,n=512,threads=2,runtime_sec=0.003857"
rodinia_style,srad,standard,4,baseline,0.005742,0.011302709579467773,0.007932;0.005742;0.005438,"kernel=srad,size=standard,n=512,threads=4,runtime_sec=0.005438"
rodinia_style,srad,standard,4,optimized,0.0022,0.007836103439331055,0.002158;0.002224;0.0022,"kernel=srad,size=standard,n=512,threads=4,runtime_sec=0.002200"
rodinia_style,srad,standard,8,baseline,0.003092,0.008352279663085938,0.003092;0.00281;0.003716,"kernel=srad,size=standard,n=512,threads=8,runtime_sec=0.003716"
rodinia_style,srad,standard,8,optimized,0.00126,0.0062100887298583984,0.00114;0.00126;0.001279,"kernel=srad,size=standard,n=512,threads=8,runtime_sec=0.001279"
rodinia_style,srad,standard,16,baseline,0.0028,0.00825047492980957,0.003023;0.0028;0.002735,"kernel=srad,size=standard,n=512,threads=16,runtime_sec=0.002735"
rodinia_style,srad,standard,16,optimized,0.001081,0.005969047546386719,0.001136;0.001042;0.001081,"kernel=srad,size=standard,n=512,threads=16,runtime_sec=0.001081"
rodinia_style,srad,large,1,baseline,0.020955,0.03958487510681152,0.021434;0.020902;0.020955,"kernel=srad,size=large,n=768,threads=1,runtime_sec=0.020955"
rodinia_style,srad,large,1,optimized,0.013026,0.03147768974304199,0.013813;0.013026;0.012013,"kernel=srad,size=large,n=768,threads=1,runtime_sec=0.012013"
rodinia_style,srad,large,2,baseline,0.01714,0.02926921844482422,0.015384;0.01714;0.017792,"kernel=srad,size=large,n=768,threads=2,runtime_sec=0.017792"
rodinia_style,srad,large,2,optimized,0.008885,0.021092891693115234,0.008781;0.00941;0.008885,"kernel=srad,size=large,n=768,threads=2,runtime_sec=0.008885"
rodinia_style,srad,large,4,baseline,0.01135,0.020160198211669922,0.011186;0.01135;0.017177,"kernel=srad,size=large,n=768,threads=4,runtime_sec=0.017177"
rodinia_style,srad,large,4,optimized,0.005264,0.014289379119873047,0.005334;0.004246;0.005264,"kernel=srad,size=large,n=768,threads=4,runtime_sec=0.005264"
rodinia_style,srad,large,8,baseline,0.006744,0.013525247573852539,0.006778;0.006435;0.006744,"kernel=srad,size=large,n=768,threads=8,runtime_sec=0.006744"
rodinia_style,srad,large,8,optimized,0.002471,0.007846593856811523,0.002471;0.002229;0.002495,"kernel=srad,size=large,n=768,threads=8,runtime_sec=0.002495"
rodinia_style,srad,large,16,baseline,0.003814,0.007502317428588867,0.010469;0.003814;0.003087,"kernel=srad,size=large,n=768,threads=16,runtime_sec=0.003087"
rodinia_style,srad,large,16,optimized,0.001282,0.005213022232055664,0.00168;0.001282;0.001279,"kernel=srad,size=large,n=768,threads=16,runtime_sec=0.001279"
